,mae_d1m1,mae_d1m2,mae_d2m1,mae_d2m2
0,0.9451083411690331,0.7036948346444214,0.607605184027389,0.2841096023218376
1,0.9103652549251695,0.7284733958466645,0.5631565864152485,0.28748512270400084
2,0.8882534812361321,0.7111853181470228,0.5791439000539433,0.307437200770424
3,0.9217945421667991,0.6866607363952484,0.5889640304195203,0.302263288676459
4,0.9647259531574661,0.7320115959041777,0.5624798933214183,0.28789494187575404
