,PAR,TAir,VPD,Precip,fAPAR,DOY_sin,DOY_cos,target
0,0.8245308223245011,0.7789893595035465,0.6737040251204729,-0.07351075415203588,0.6546117580525407,-0.06296415060617208,-0.8871399039473178,obs
1,0.805511342756578,0.8118842377318201,0.7530053152991975,-0.10809542916592643,0.8098869303437772,-0.21887945935402767,-0.8208934330333005,preds_preles
2,0.8397204248574501,0.7957422581097578,0.6931961562047989,-0.0762051016595818,0.6647966284064346,-0.06678784117159534,-0.9036173873340005,preds_nn_obs
3,0.8066961343706949,0.812734110817229,0.7532667922325567,-0.10838674420334622,0.8117781811258309,-0.2193992687211848,-0.8224663155948282,preds_nn_preles
